FAKALKALLKALKAL,inactive - exp_8
FAKKLAKKLKKLAKKLAKKWKL,mod. active_18
FAKIIAKIAKIAKKIL,inactive - exp_10
FAKKALKALKKL,inactive - exp_11
FAKKFAKKFKKFAKKFAKFAFAF,mod. active_12
FAKKLAKKLAKAAL,inactive - exp_13
FAKKLAKKLAKAL,inactive - exp_14
FAKKLAKKLAKLAL,inactive - exp_15
FAKKLAKKLAKLL,mod. active_16
FAKKLAKKLKKLAKKLAK,inactive - exp_17
FAKKLAKKLKKLAKKLAKLAKKL,mod. active_19
FAKKLAKKLKKLAKKLAKLALALKALALKAL,mod. active_20
GLFDIIKKIAESF,mod. active_28
GLFDIVKKIAGHIAGSI,inactive - exp_29
ILPWKWPWWPWRR,mod. active_42
FKLAFKLAKKAFL,inactive - exp_43
FKVKFKVKVK, inactive - exp_44
FLSLIPKLVKKIIKAFK,very active_ 45
KKKFPWWWPFKKKCKKKFPWWWPFKKKC,very active_46
KWKLFKKILKFLHLAKKF,very active_47
KWKSFLKTFKSLKKTVLHTALKAISS,very active_48
FAKKLAKKLKKLAKKLAKLALALKALALKAL,mod. active_20
FAKIIAKIAKIAKKIL,inactive - exp_10
FAKKALKALKKL,inactive - exp_11
FAKKFAKKFKKFAKKFAKFAFAF,mod. active_12
FAKKLAKKLAKAAL,inactive - exp_13
FAKKLAKKLAKAL,inactive - exp_14
FAKKLAKKLAKLAL,inactive - exp_15
FAKKLAKKLAKLL,mod. active_16
FAKKLAKKLKKLAKKLAK,inactive - exp_17
FAKKLAKKLKKLAKKLAKLAKKL,mod. active_19
GLFDIIKKIAESF,mod. active_28
GLFDIVKKIAGHIAGSI,inactive - exp_29
ILPWKWPWWPWRR,mod. active_42
FKLAFKLAKKAFL,inactive - exp_43
FKVKFKVKVK, inactive - exp_44
FLSLIPKLVKKIIKAFK,very active_ 45
KKKFPWWWPFKKKCKKKFPWWWPFKKKC,very active_46
KWKLFKKILKFLHLAKKF,very active_47
KWKSFLKTFKSLKKTVLHTALKAISS,very active_48
AFFTIAAVARVLD, inactive - virtual_50
AHAIGVLLDNL, inactive - virtual_51
GLFAVIKKVASVIGGL, very active_52
AAWKWAWAKKWAKAKKWAKAA,mod. active_1
AIGKFLHSAKKFGKAFVGEIMN,mod. active_2
FAKKLAKKLKKLAKKLAKLALALKALALKAL,mod. active_20
FAKIIAKIAKIAKKIL,inactive - exp_10
FAKKALKALKKL,inactive - exp_11
FAKKFAKKFKKFAKKFAKFAFAF,mod. active_12
FAKKLAKKLAKAAL,inactive - exp_13
FAKKLAKKLAKAL,inactive - exp_14
FAKKLAKKLAKLAL,inactive - exp_15
FAKKLAKKLAKLL,mod. active_16
FAKKLAKKLKKLAKKLAK,inactive - exp_17
FAKKLAKKLKKLAKKLAKLAKKL,mod. active_19
GLFDIIKKIAESF,mod. active_28