AIGKFLHSAKKFGKAFVGEIMNS,mod. active
FAKALAKLAKKLL,mod. active
FAKALKALLKALKAL,mod. active
FAKFLAKFLKKAL,mod. active
FAKIIAKIAKIAKKIL,inactive - exp
FAKKFAKKFKKFAKKFAKFAFAF,mod. active
FAKKLAKKLAKAAL,inactive - exp
FAKKLAKKLAKAL,inactive - exp
FAKKLAKKLAKLAL,inactive - exp
FAKKLAKKLAKLL,inactive - exp
FAKKLAKKLKKLAKKLAK,inactive - exp
FAKKLAKKLKKLAKKLAKKWKL,mod. active
FAKKLAKKLKKLAKKLAKLAKKL,inactive - exp
FAKKLAKKLKKLAKKLAKLALALKALALKAL,mod. active
FAKKLAKKLKKLAKKLIGAVLKV,mod. active
FAKKLAKKLKKLAKLALAK,inactive - exp
FAKKLAKKLKKLAKLALAL,inactive - exp
FAKKLAKKLL,inactive - exp
FAKKLAKLAKKALAL,inactive - exp
FAKKLAKLAKKL,inactive - exp
FAKKLAKLAKKLAKLAL,mod. active
FAKKLAKLAKKLAKLALAL,mod. active
FAKKLAKLAKKLLAL,mod. active
FAKKLAKLALKLAKL,mod. active
FAKKLKKLAKLAKKL,inactive - exp
FAKKLLAKALKL,inactive - exp
FAKLAKKALAKLL,inactive - exp
FAKLF,inactive - exp
FAKLFAKLAKKFAL,inactive - exp
FAKLLAKALKKAL,mod. active
FAKLLAKALKKFAL,mod. active
FAKLLAKALKKFL,mod. active
FAKLLAKALKKL,inactive - exp
FAKLLAKALKKLL,very active
FAKLLAKALKLKL,inactive - exp
FAKLLAKFLKKAL,mod. active
FAKLLAKLAKAKL,inactive - exp
FAKLLAKLAKKAA,inactive - exp
FAKLLAKLAKKAL,inactive - exp
FAKLLAKLAKKFAL,inactive - exp
FAKLLAKLAKKGL,inactive - exp
FAKLLAKLAKKIL,inactive - exp
FAKLLAKLAKKL,inactive - exp
FAKLLAKLAKKLL,very active
FAKLLAKLAKKSL,inactive - exp
FAKLLAKLAKKVL,mod. active
FAKLLAKLAKLKL,inactive - exp
FAKLLFKALKKAL,inactive - exp
FAKLLKLAAKKLL,inactive - exp
FAKLWAKLAFGKGIGKVGKKLL,mod. active
FAKLWAKLAKKL,inactive - exp
FALAAKALKKLAKKLKKLAKKAL,mod. active
FALAKLAKKAKAKLKKALKAL,mod. active
FALALKALKK,inactive - exp
FALALKALKKAL,inactive - exp
FALALKALKKALKKLKKALKKAL,inactive - exp
FALALKALKKL,mod. active
FALALKALKKLAKKLKKLAKKAL,mod. active
FALALKALKKLKKALKKAL,mod. active
FALALKALKKLLKKLKKLAKKAL,mod. active
FALALKKALKALKKAL,mod. active
FALALKLAKKAL,inactive - exp
FALKALKKLKKALKKAL,mod. active
FALLKALKKAL,inactive - exp
FALLKALLKKAL,inactive - exp
FAVGLRAIKRALKKLRRGVRKVAKDL,inactive - exp
FKLAFKLAKKAFL,inactive - exp
FKRLAKIKVLRLAKIKR,mod. active
FKVKFKVKVK,inactive - exp
FLGALFHALSKLL,mod. active
FLGALFKALSHLL,mod. active
FLGALFKALSKLL,mod. active
FLGMIPGLIGGLISAFK,very active
FLGMIPKLIKKLIKAFK,very active
FLGWLFKWAKK,mod. active
FLGWLFKWAWK,mod. active
FLKLLAGLLKNFA,mod. active
FLKLLKKLAAKFLPTIICKISYKC,very active
FLKLLKKLAAKLF,mod. active
FLKWLFKWAKK,mod. active
FLSLIPKLVKKIIKAFK,very active
FLSLIPSLVGGSISAFK,inactive - exp
FLWWLFKWAWK,mod. active
GIGAVLKVLTTGLPALISWIKRKRQQ,mod. active
GIGKFLHAAKKFAKAFVAEIMNS,mod. active
GIGKFLHSAKKFAKAFVAEIMNS,mod. active
GIGKFLHSAKKFGKAFVGEIMNS,mod. active
GIGKFLKKAKKFAKAFVKIINN,very active
GIGKFLKKAKKFGKAFVKILKK,inactive - exp
GLFAVIKKVAAVIKKL,mod. active
GLFAVIKKVAAVIRRL,mod. active
GLFAVIKKVAKVIKKL,very active
GLFAVIKKVASVIGGL,very active
GLFAVIKKVASVIKGL,mod. active
GLFAVIKKVASVIKKL,mod. active
GLFDIAKKVIGVIGSL,mod. active
GLFDIIKKIAESF,mod. active
GLFDIVKKIAGHIAGSI,mod. active
GLFDIVKKIAGHIASSI,mod. active
GLFDIVKKIAGHIVSSI,mod. active
GLFDIVKKVVGAFGSL,mod. active
GLFDVIAKVASVIKKL,mod. active
GLFDVIKAVASVIGGL,mod. active
GLFDVIKKVAAVIGGL,mod. active
GLFDVIKKVASVIGGL,mod. active
GLFDVIKKVASVIKGL,mod. active
GLFDVIKKVASVIKKL,mod. active
GLFKVIKKVAKVIKKL,mod. active
GLFKVIKKVASVIGGL,mod. active
ILPWKWPWWPWRR,inactive - exp
KKKFPWWWPFKKK,mod. active
KKKFPWWWPFKKKCKKKFPWWWPFKKKC,very active
KKKFPWWWPFKKKKKKFPWWWPFKKKK,very active
KKVVFKVKFK,inactive - exp
KLAKKLAKLAKLAKAL,mod. active
KLALKLALKALKAAKLA,inactive - exp
KTKLFKKFAKKLAKKLKKLAKKL,mod. active
KWKKFLKIGIGKFLHLAKKF,very active
KWKLAKKALALL,inactive - exp
KWKLFAKIGIGKFLHLAKKF,very active
KWKLFKKALKKLKKALKKAL,mod. active
KWKLFKKIGAVLKVL,mod. active
KWKLFKKIGIGAFLHLAKKF,very active
KWKLFKKIGIGAFLHSAKKF,mod. active
KWKLFKKIGIGAVLKVLKKG,very active
KWKLFKKIGIGAVLKVLTTG,mod. active
KWKLFKKIGIGKFKLAKKF,very active
KWKLFKKIGIGKFLHLAKKF,very active
KWKLFKKIGIGKFLHSAKKF,mod. active
KWKLFKKIGIGKFLHSATTF,mod. active
KWKLFKKIKFLHSAKKF,inactive - exp
KWKLFKKIPKFLHSAKKF,mod. active
KWKLFKKKTKLFKKFAKKLAKKL,mod. active
KWKSFAKTFKSAKKTVLHTALKAISS,mod. active
KWKSFLKTFKSAKKTVAHTAAKAISS,mod. active
KWKSFLKTFKSAKKTVAHTALKAISS,mod. active
KWKSFLKTFKSAKKTVLHTALKAISS,very active
KWKSFLKTFKSAKKTVLHTLLKAISS,very active
KWKSFLKTFKSLKKTVLHTALKAISS,very active
KWKSFLKTFKSLKKTVLHTLLKAISS,very active
KWKSFLKTFKSLKKTVLHTLLKLISS,very active
KYKKALKKLAKLL,inactive - exp
LGGIVSAVKKIVDFLG,mod. active
LPKWKVFKKIEKVGRNIRNGIVKAGPAIAVLGEAKALG,mod. active
MPKWKVFKKIEKVGRNIRNGIVKAGPAIAVLGEAKALG,inactive - exp
RAGLQFPVGRLLRRLLRRLLR,very active
VAKKLAKLAKKLAKLAL,very active
VAKLLAKLAKKLL,mod. active
VAKLLAKLAKKVL,inactive - exp
VALALKALKKALKKLKKALKKAL,inactive - exp
WALAL,inactive - exp
AADIFSKFKKDMEVKFA,inactive - virtual
AAQKDNVKSSWAKASA,inactive - virtual
AASQRKLIAEKFAQALMSSL,inactive - virtual
AAYATLYEALVLVATLAAP,inactive - virtual
AEAHESIRLVFHDS,inactive - virtual
AEGEREARVFTLWLNSL,inactive - virtual
AEGVATADPLMRLAKQLK,inactive - virtual
AEHAKVLMDSLTGVWDNFLT,inactive - virtual
AEHLAKAELTTVFSTLYQKF,inactive - virtual
AEKAKYDEIFLKT,inactive - virtual
AFFTIAAVARVLD,inactive - virtual
AFRHSVKEELNYIRRRLERFPNRL,inactive - virtual
AGDVLHNVLQMLIIESHS,inactive - virtual
AGEMVRQARILAQATSDLVNAIKADA,inactive - virtual
AGNLDIMTSAALATAERMAQSMLN,inactive - virtual
AHAIGVLLDNL,inactive - virtual
AIEKEILIEAISS,inactive - virtual
AKQEKIIIQVALNDITHVVELL,inactive - virtual
AKVVRTALEDAASVAGLLIT,inactive - virtual
ALAVAAKPFL,inactive - virtual
ALGKVIKKWGTTVAKLA,inactive - virtual
ALYGLLKEEMGEILAK,inactive - virtual
AMFEQMRANVGKLLKG,inactive - virtual
APDAEGRAIQAVYWANKWAKEQG,inactive - virtual
APDLLISLATVLYHLQQ,inactive - virtual
APEDVRKSSKEVL,inactive - virtual
APLLNFVRDFVREDAKYLYSSLV,inactive - virtual
AQTSRWAAMQIGMSFISAY,inactive - virtual
ARDEAEMEYLKIAQ,inactive - virtual
ASLPEAIEALTKG,inactive - virtual
ATLKNLGSVHVSKG,inactive - virtual
AVDTLVLALAEAT,inactive - virtual
DAAALFRLHKFLTKW,inactive - virtual
DAAGLASRHKG,inactive - virtual
DAENRDLFLALLSV,inactive - virtual
DAHAWMIGQLKGL,inactive - virtual
DALEIFKTLFSLVMRFSSYL,inactive - virtual
DAMLRTSMVATQLVGLAMMRYV,inactive - virtual
DARAKKLLDKWAKWING,inactive - virtual
DATAALALTMA,inactive - virtual
DATLISELQQM,inactive - virtual
DDADLEKFVIEY,inactive - virtual
DDETLGVLMWILDRSIH,inactive - virtual
DDETREELEELLIQA,inactive - virtual
DDRVQSHILHLEHDLVHVTRKN,inactive - virtual
DDYLKEQVLHMKQYVSDN,inactive - virtual
DEAAFQKLMSNLD,inactive - virtual
DEAGLMRELRLFRRRIMVRIAWAQTL,inactive - virtual
DEETMERIMRELKKK,inactive - virtual
DEFTKQHIVGK,inactive - virtual
DEKAFKNTYRQAMND,inactive - virtual
DEKKILKDFLIQ,inactive - virtual
DEKSIITYVSSLYDAM,inactive - virtual
DELLSKMRFAL,inactive - virtual
DEPQVQAKIMAYLQQEQSNR,inactive - virtual
DEQYREGAVRTVASFRERLDR,inactive - virtual
DERLLQKYRAQVFEWG,inactive - virtual
DEVLLALAEQLGT,inactive - virtual
DFAALAQTAHRLKGVFAMLN,inactive - virtual
DFLEEQYKGQRDLAGKASTLKK,inactive - virtual
DFPALIKQASLDALFK,inactive - virtual
DFSETINAYFVAKLL,inactive - virtual
DGALKRAEELKTQANDYFK,inactive - virtual
DGFSVLMRAMQQ,inactive - virtual
DGGGFVISKHPVRLAKKLNR,inactive - virtual
DHAVLEVLATPVREALLARFG,inactive - virtual
DIFDFMERWIEKKLEYSASH,inactive - virtual
DIHAAIEMLLG,inactive - virtual
DIIGTEITSALKNVYSIAIAWIRGYESRKN,inactive - virtual
DILREIGMIARALDSISNIEF,inactive - virtual
DIRAVLRDLSFHLNGHILHSIFWPNM,inactive - virtual
DIRTSLANDMAIYGDIIEATREHTELAENL,inactive - virtual
DIYQQVRDELKRAS,inactive - virtual
DKETMNIHHTK,inactive - virtual
DLAANNGGWQWS,inactive - virtual
DLARIEQFLDALWLE,inactive - virtual
DLEAKKMYFDAVQAIETHL,inactive - virtual
DLESDALGWQYITG,inactive - virtual
DLGRKITSALRSLSN,inactive - virtual
DLKQAESWLHKQAQKEGWSKAARLH,inactive - virtual
DLKRAESMLQQA,inactive - virtual
DLKTMTERLRS,inactive - virtual
DLQLNANAERINVYY,inactive - virtual
DLRELIARVRALIRRKS,inactive - virtual
DLSASRSAIDSLNNRMLSQIWSH,inactive - virtual
DLVDFAVEYFTRLREARRGLEHHH,inactive - virtual
DMASLQQQRQE,inactive - virtual
DMNQVLDAYEN,inactive - virtual
DNAMANQYETLANARQKGIEKYL,inactive - virtual
DNKTRFKIIKEKLKEF,inactive - virtual
DNTYLNTAESLYDEF,inactive - virtual
DNVVLQLQVARFLMKTVAQ,inactive - virtual
DPARALFAAMSQ,inactive - virtual
DPATVKKVVNFL,inactive - virtual
DPAWQGFRELIEKAL,inactive - virtual
DPEKVLFLAGNLLARLTE,inactive - virtual
DPETLEAIAEN,inactive - virtual
DPETNINIGTSYLQYVYQQF,inactive - virtual
DPKRLQASLQTIVGMVVYSW,inactive - virtual
DPLRERQVAEKQLAALGDILSA,inactive - virtual
DPLWKKEMFEKYLSN,inactive - virtual
DPQKADAVAVN,inactive - virtual
DPQKRAVVNQRLYFDMGT,inactive - virtual
DPTKLNHAVAGL,inactive - virtual
DPYVILITEILL,inactive - virtual
DQDKIQKAIAAG,inactive - virtual
DQEDVAQTIRDYD,inactive - virtual
DQGTLFELILAANYLD,inactive - virtual
DQHLMAEYRELPRVFGAVRKHVANG,inactive - virtual
DQNGEIYMWPVAQA,inactive - virtual
DQQGVFVKGYAM,inactive - virtual
DRASYEARERHVAERLLMHLEEM,inactive - virtual
DRAVIEHNLLSASKL,inactive - virtual
DRQLRSSIERVISIFQS,inactive - virtual
DRTSFDKLANS,inactive - virtual
DSEQVVHQLERLIAR,inactive - virtual
DSGYRSAMSVQSSL,inactive - virtual
DSMVVLQQRAYEILMTIME,inactive - virtual
DSSVIISALKTYLVSG,inactive - virtual
DSVASLLDVVKSTG,inactive - virtual
DSVTNDIFNVAKASIEKHIWMLQAEL,inactive - virtual
DTAFLMEQLELREELDEIEQAK,inactive - virtual
DTMKDAGMQMKKVLDS,inactive - virtual
DTRAWALAEKLFG,inactive - virtual
DVALADSFDAL,inactive - virtual
DVEAVEIMQRIHVLRSQGGFN,inactive - virtual
DVLAEDTITALLH,inactive - virtual
DVRVKEYFDDIARYFSIGLLNLIHLFG,inactive - virtual
DWGEAFTAINL,inactive - virtual
DWLKRLQKIFPPILSI,inactive - virtual
DWYRTYAELRETA,inactive - virtual
DYERFKSYIQTL,inactive - virtual
EALVHKLTERM,inactive - virtual
EAQKIDRLVQSFSGAYFQQN,inactive - virtual
EDDIMYLM,inactive - virtual
EDDSKLASRKYARIIQKI,inactive - virtual
EDKEAVFDVVDTLTAVLQVATGVISTL,inactive - virtual
EDLPKWSGYFEKLLKKN,inactive - virtual
EDMIFEIFKNYLTKVAYYARQVAEMN,inactive - virtual
EDNLLRQLAQKV,inactive - virtual
EELHTSLVEEL,inactive - virtual
EEMIAEFKAAFDMF,inactive - virtual
EERVKNGLERLKKAIKSGKQST,inactive - virtual
EESDIKYKTSKNFINKVY,inactive - virtual
EEVKKHGTTVLTALGRILKQ,inactive - virtual
EFPEMLAEIIT,inactive - virtual
EFRDLHLFLGEAAETAEEVADELAERVQAL,inactive - virtual
EGDQQLLKRVLVRKL,inactive - virtual
EGHVAAVEVLRGIHRIADMS,inactive - virtual
EGKDRELYGKLHETLKKVTEDLEA,inactive - virtual
EGNKRLDSVNSIVS,inactive - virtual
EGQQRRIRQQRLISIGKWIADNQ,inactive - virtual
EGVAWLEAVLRLLAQ,inactive - virtual
EHEIQEWYKGFLRD,inactive - virtual
EIEKFRVWISIL,inactive - virtual
EISEMVRMRERILDSIHLG,inactive - virtual
EISKLVKKMISSWKDAIN,inactive - virtual
EKETFREKFMQH,inactive - virtual
EKNSYRKLVGNLYFVYSAMEEEMAKF,inactive - virtual
EKVQYLTRSAIRR,inactive - virtual
EMNYYTVLFGVSRALGVLAQLIWSRAL,inactive - virtual
EPEEVFKSVLKEMEG,inactive - virtual
EPEKVDKLQEPLLEALRLYARRRR,inactive - virtual
EPGQRKIVMHK,inactive - virtual
EQEILRQVKKAYDRAARLG,inactive - virtual
EQEVYAQVARL,inactive - virtual
EQPSLVRTLDQLEDK,inactive - virtual
ERQEVKQMVVATLAES,inactive - virtual
ERVRAAMEKLA,inactive - virtual
ESLYESIRRRYEEL,inactive - virtual
ESPVRKILRIVFHDAI,inactive - virtual
ETNIRVALEKSFL,inactive - virtual
EVKRRFPTKLGAWALIWWLL,inactive - virtual
EVKRSVNRDFAKWFLIVFI,inactive - virtual
EVNRNFGERINDLRILILLL,inactive - virtual
EVVGRVSKLWNEWWLIV,inactive - virtual
EWQTMVAALQA,inactive - virtual
EYKYYKLKLAEMQR,inactive - virtual
FADLFDPVIQERH,inactive - virtual
FALRLRRVINRIGQAWR,inactive - virtual
FEVIDTIKAAVENA,inactive - virtual
FFSFELVESINDVKKSLR,inactive - virtual
FGLKVLGWYSEMKRNVQRLERAIEEV,inactive - virtual
FHSVAEQF,inactive - virtual
FIAVHEMLDGFRTALIDHLDTMAERAVQ,inactive - virtual
FKATIADLSKKR,inactive - virtual
FKEAIEAIAESA,inactive - virtual
FKGKIIKKVISTGAKLI,inactive - virtual
FKSIYRFFEHGLK,inactive - virtual
FKSVQNSLQRILYLWAIRH,inactive - virtual
FLDQNMLAVIDELMQAL,inactive - virtual
FLLKKLKKVATGFAKG,inactive - virtual
FLLSKAKDAKSSAEGAV,inactive - virtual
FNQRRISSAKFLGELYNY,inactive - virtual
FNRMFEKSTHHYTDSVGGILR,inactive - virtual
FPLLVDHTSREADYFRKRLIQLNEG,inactive - virtual
FPNLASAAFYWSKKEN,inactive - virtual
FPQLTQNNSRE,inactive - virtual
FSALNIAVHELSDVGRAIVRN,inactive - virtual
FSEFIQALSVTSRG,inactive - virtual
FTELQRDFLRN,inactive - virtual
FTRIIKAAG,inactive - virtual
FVPVFFVVVRRR,inactive - virtual
FYQTFFDEADELLADMEQHLLDL,inactive - virtual
GAFRKLLQSAKDN,inactive - virtual
GAGTSVNMNTNEVLANIGLELM,inactive - virtual
GAPLARMEVTLALESLFGRF,inactive - virtual
GAQYIQAAGVALGLKMR,inactive - virtual
GAVAIARVFSY,inactive - virtual
GEAEIASLKSQIRA,inactive - virtual
GEAYLLLERYVAFLRA,inactive - virtual
GEDAILKKVAEEAAETLMASKD,inactive - virtual
GEGWAKSILFN,inactive - virtual
GEKRAEEIKKILMT,inactive - virtual
GFFGWFNRMFEKSTHHYTDSVGGI,inactive - virtual
GFKNEVRTPVTKFRIVFFVV,inactive - virtual
GFMIWHPKMDEYMEEIDGYLDEMSERLITL,inactive - virtual
GFSVQRRLWLAS,inactive - virtual
GFYPMVAAQRI,inactive - virtual
GGFAAAIARRA,inactive - virtual
GGKEALAIENFADAL,inactive - virtual
GGSSGVLMSIFFTAAGQKLEQ,inactive - virtual
GHNLISLLEVLSG,inactive - virtual
GIHELAVFAEEH,inactive - virtual
GKASLRAAELYSKY,inactive - virtual
GKDAAAEEISQLLYHVQVMMVARG,inactive - virtual
GKKGPKFIQAVASLKA,inactive - virtual
GKSNMMDAISFVL,inactive - virtual
GKTTAALALARELFG,inactive - virtual
GKTTFVKRHLTG,inactive - virtual
GKTTILYRLQVG,inactive - virtual
GLEKLEESIYRE,inactive - virtual
GLFDKVKSLVPKIAKAV,inactive - virtual
GLFDVIGSQAGGAAPHFLG,inactive - virtual
GLFKLIKFAKKKSPGAF,inactive - virtual
GLGKIIGKVKKSLLKSI,inactive - virtual
GLGLVLKIAVNAFLKLVA,inactive - virtual
GLLDIAGGNAETLAGHAV,inactive - virtual
GLNAELTRYTLSLMVLERKLSSA,inactive - virtual
GLTSLMAIDKL,inactive - virtual
GLWAIAVKAGKVILKLIVFIWIRV,inactive - virtual
GLWKSLGAVVKRVEGLWVGLF,inactive - virtual
GNFADLLAHSDGLIKNISDDLRALDKLI,inactive - virtual
GNYLRAEILYRLK,inactive - virtual
GPDMTAMVALIASV,inactive - virtual
GPKDAVVKVFNQWG,inactive - virtual
GPKKAQLIVGWRELHG,inactive - virtual
GSDFLIHFIDE,inactive - virtual
GSHANEFFFRA,inactive - virtual
GTLRHAANAAFIMLEAAEL,inactive - virtual
GTTTAVIIAGGLLQQAQGLIN,inactive - virtual
GVSGLAAARQLQSF,inactive - virtual
GWQNELLLLLRYLDEN,inactive - virtual
GYKKVSKSYTGEWKKYLNSL,inactive - virtual
HAHASAIAKAYASEIAFEAANQAIQIHG,inactive - virtual
HALRTIVFELLTRH,inactive - virtual
HDKHIEIVVRQM,inactive - virtual
HDLVTDGLITLYIETK,inactive - virtual
HFGSLLLLAAWLAEN,inactive - virtual
HGLVKAGHPLKRKLGH,inactive - virtual
HHKAYVDGANTALDKLAEARDK,inactive - virtual
HKEMAKAFEEW,inactive - virtual
HLDLINMMSRLAREELVHHEQVLRLMKRR,inactive - virtual
HMKMRSQLLIVLQEHLRN,inactive - virtual
HPAFIAHADRVLGGLDIAIST,inactive - virtual
HPFYQALGQLARLTLAQWQAQL,inactive - virtual
HQAAMQMLKETINEEAAEWDRLH,inactive - virtual
HSATRAAMLVRINT,inactive - virtual
HSDWISNANKVRVIYWQMT,inactive - virtual
HSRRGLLKMVGKRRRLLAYLRNK,inactive - virtual
HTFLDDIVGAIAAAAASRLAHSYHD,inactive - virtual
HVVDEKARLIYED,inactive - virtual
HWDKVADMVANFAHEIDTYG,inactive - virtual
IAMVNGLMGVLDKLAHLIDE,inactive - virtual
IASEFKNIATNS,inactive - virtual
IDDLRVIARENLERRRK,inactive - virtual
IDDSVNNLIPFMQKH,inactive - virtual
IEEATEFYENDV,inactive - virtual
IEFRKAFLKIL,inactive - virtual
IGVQQHADKVQRALGEAIDD,inactive - virtual
IHNVVGKL,inactive - virtual
IKPLNNFAAEVGKIRDS,inactive - virtual
IMELLGTVIQHEGIHQGQYYVALKQSG,inactive - virtual
IPAAKINWDRDIEYMAGILEN,inactive - virtual
IPAVANWIKRR,inactive - virtual
IPEAKSFYGFQIMIENIHSETYSLLIDTYI,inactive - virtual
IRVNATKAYEMAL,inactive - virtual
KDAENHKAYLKSH,inactive - virtual
KDFETLKVDFLSKLPEMLKMFEDRL,inactive - virtual
KDTVIEDIIDKTFEEAD,inactive - virtual
KEDIHRSLVEELTKISAKEK,inactive - virtual
KEEGYFYFRSRLSQ,inactive - virtual
KEEVQKVLEDA,inactive - virtual
KEIAEKMVEGRMKKFTGEV,inactive - virtual
KFLKKWEGIWATFKPALSAVV,inactive - virtual
KFLRFILKWFKVIFQ,inactive - virtual
KFLTKLKNIVANIRIWWVILL,inactive - virtual
KGQEYINNIHL,inactive - virtual
KHFDFLAEFNAKAND,inactive - virtual
KHHAAYVNNLNNALKK,inactive - virtual
KIPDDLQADFNKFR,inactive - virtual
KKAEAVATVVAAVDQARVR,inactive - virtual
KKDVKLILDTILETITEALAK,inactive - virtual
KKEELQRSLNILTAF,inactive - virtual
KKQELLEALTKHFQ,inactive - virtual
KKTAERLIVEMKDRFKG,inactive - virtual
KKVKGYKRALTE,inactive - virtual
KLDSRFDNNLGKFRFVLLLFV,inactive - virtual
KLEEKFPQVAAT,inactive - virtual
KLKELALIFISNLVAN,inactive - virtual
KNIKRNVEKIIAQWDERTRK,inactive - virtual
KPEEVEQIKLYVMSREYEDYMAR,inactive - virtual
KPEQYNIVGEHLLATLDEMFS,inactive - virtual
KPQELLSLIIERFE,inactive - virtual
KPQERADLISYLKEATS,inactive - virtual
KPWLSVILFLIRERSR,inactive - virtual
KQAEAEEFVQTLGQSLA,inactive - virtual
KQLTAIAALAE,inactive - virtual
KREIIHAVLTGLALDQLAEQ,inactive - virtual
KREVQNAILTGIQLDKLAED,inactive - virtual
KSEALAKMWGQRK,inactive - virtual
KTASTGFAELLKDRREQV,inactive - virtual
KTFRTTFKTLL,inactive - virtual
KVAEFERLFRQAAG,inactive - virtual
KVNRAVAAEIRNWTWVFLIW,inactive - virtual
KVRETREILDIIDTVYNS,inactive - virtual
KVRGLIEIISN,inactive - virtual
KVSDILTVAIRLEEEGERFYRELS,inactive - virtual
KVVDNFENILII,inactive - virtual
KVWKGVKTIIADVWQV,inactive - virtual
KWEAEKIHIGFRQAY,inactive - virtual
KWVRIWIKVLRGLFVWVWFF,inactive - virtual
KYDHFAGRAYVRLHQD,inactive - virtual
LADLQEQLYNG,inactive - virtual
LDAYINLGNVLKEA,inactive - virtual
LDEAATRSKAWMVDALA,inactive - virtual
LEARMKQFKDMLLER,inactive - virtual
LEEFDKVSKNVD,inactive - virtual
LEPIKAWIEKR,inactive - virtual
LEQVEFKLNQLLENL,inactive - virtual
LHDAIHMAADNAV,inactive - virtual
LKRAEALIHLANAALE,inactive - virtual
LKYVGMVLNEALRLW,inactive - virtual
LLNIRREFIEKY,inactive - virtual
LLPALLQQIGREN,inactive - virtual
LLTEVETYVLSI,inactive - virtual
LMEPVREAAGRLADA,inactive - virtual
LMGHQKKILGSIQTMRAQLT,inactive - virtual
LNNFSRYFLHQSREETEHAEKLMRLQNQRG,inactive - virtual
LPEDQELLFQSASLELFVLRLAYRA,inactive - virtual
LPHFYELFSLWA,inactive - virtual
LPIHYKLSQEFFLKAYEN,inactive - virtual
LQAPLQRRILEIGKKH,inactive - virtual
LQMEFKYLAYLTG,inactive - virtual
LQNAIIEFYTEYY,inactive - virtual
LQWYVSEQHEEEALFRGIVDKIKLIG,inactive - virtual
LREIVENMIKSSLERAIAAY,inactive - virtual
LRSWFRERLIAHRLASVNL,inactive - virtual
LRTYFMERLRHYRQLSL,inactive - virtual
LSTVSNFFMNA,inactive - virtual
LVGALMHVMQKRSR,inactive - virtual
LVLPIAQALKVLG,inactive - virtual
MEALKKQILQI,inactive - virtual
MEKLNQLWEKAQRLH,inactive - virtual
MLEEYRKHVAERAAE,inactive - virtual
MPEVFNYLGIYLTQA,inactive - virtual
MPGTATHTVKMFS,inactive - virtual
MPYTDAVVHEVQRYID,inactive - virtual
MTDQQAEARAF,inactive - virtual
MVFKQMEQVAQFLKAAEDY,inactive - virtual
MYSNRMRSYKQEMGKLETDFKRSRI,inactive - virtual
NAAGWDLLLTLYRSA,inactive - virtual
NAAQLDALAHALLEIPRFSYATR,inactive - virtual
NAGQANEFFNEFWS,inactive - virtual
NAKIARINELAAKAKAGV,inactive - virtual
NAKYVAEATGNFITVMDALKL,inactive - virtual
NASRTVGVVAALL,inactive - virtual
NDAEVKKIAAQYGKD,inactive - virtual
NDEETVALTAGGHT,inactive - virtual
NEEVRIEAIIGLSYR,inactive - virtual
NEQDLGIQYKALKPEVDKLNIMAAKRQQEL,inactive - virtual
NEYIMSLISDN,inactive - virtual
NFKDVIETAKKVMNF,inactive - virtual
NGETFLTELLD,inactive - virtual
NGLEVVKALAQG,inactive - virtual
NIDEIERKIDEAIEKE,inactive - virtual
NIDSYLNAVNIINIFKIIG,inactive - virtual
NIEQLWRDYNKYEEGIN,inactive - virtual
NILKQIFKLLQA,inactive - virtual
NINELFIEISRRI,inactive - virtual
NIPKHTHRFFILVLEI,inactive - virtual
NKDQWEERIQVWHEEH,inactive - virtual
NKEEMMDIVKAIYDMMG,inactive - virtual
NKLVDRWLHVRKHLLVAYYNLVG,inactive - virtual
NKQADSIKQMEERNKKRVENFKKTG,inactive - virtual
NKRAVDWAMRAAMAL,inactive - virtual
NKSVGAVYAILYLS,inactive - virtual
NLDSIQEELADVIAWTVSIANLEG,inactive - virtual
NLEQTARRWLEERG,inactive - virtual
NLESEIHTVLKHLVENN,inactive - virtual
NLFDHFSAVAQRL,inactive - virtual
NLFPIVFGVIFDA,inactive - virtual
NLLYDIVKENG,inactive - virtual
NLNQSIDNFVNMAFFA,inactive - virtual
NLSTLAALVAAAG,inactive - virtual
NLTQLKASFAVQ,inactive - virtual
NLVADMRFNVVRESEARLQVSRLYS,inactive - virtual
NNAITKGFTALEKLLV,inactive - virtual
NPAAEKMQVLQVLDRLRGKLQEKG,inactive - virtual
NPAQYLAQHEQLL,inactive - virtual
NPARALYQTVRELIENSLDA,inactive - virtual
NPEILLARVKRFLERE,inactive - virtual
NPERVLLQLKYRYDVEI,inactive - virtual
NPGQAIWLGEFSKRH,inactive - virtual
NPMIIEGQIHGGLTEGYAVAMG,inactive - virtual
NPQVLADIGAEAT,inactive - virtual
NPRWIGRHKHMFNFLD,inactive - virtual
NPVLQQHFRNLEALAL,inactive - virtual
NQDELEGYNLFKGSG,inactive - virtual
NQPFALEMIKSRQKKD,inactive - virtual
NQRALLKSLQDYRQHLDQLITLISN,inactive - virtual
NREANLQALIATG,inactive - virtual
NRKMAMGRKKFNMD,inactive - virtual
NSDQDAGIAIIRRAL,inactive - virtual
NSNHQMLLVQQAEDKIKELLNT,inactive - virtual
NSNTFLTRLLVHM,inactive - virtual
NSREREMFVQEVRRYY,inactive - virtual
NSSDSIDWLTSM,inactive - virtual
NSVLRAVAEVYA,inactive - virtual
NTDTLERVTEIFKALG,inactive - virtual
NTEKLLKTVPIIQNQMDALLD,inactive - virtual
NTPEAYSVLFDMAREVNRLKAED,inactive - virtual
NVGKAWAEDVLALVKH,inactive - virtual
NVKDLADAAKRT,inactive - virtual
NVKDVTKLVAN,inactive - virtual
NWDDMEKIWHHTFYN,inactive - virtual
NYAHLNRGIALYYG,inactive - virtual
NYEEIYILNHILR,inactive - virtual
NYEKFSETKERLLEKF,inactive - virtual
PAERYYRDARIT,inactive - virtual
PALDILKALVDNLYVEN,inactive - virtual
PATSRKIFKYIRELDE,inactive - virtual
PDEVSALRRTTEKNTTTLINLAKQH,inactive - virtual
PDFRKAFKRLL,inactive - virtual
PDIKAQYQQRWL,inactive - virtual
PDYREVMETFQE,inactive - virtual
PEALTVAATEVRRIRDRAIQSDAQVAPMTT,inactive - virtual
PEDFANHLFTVFD,inactive - virtual
PEKEAVTLGIKALKSSL,inactive - virtual
PEVQIAILTEQINNLNEHLRV,inactive - virtual
PEYEHLYTELTGTIVLLIES,inactive - virtual
PGLRRAWKRLQ,inactive - virtual
PGRIQRVARGS,inactive - virtual
PIAFIHKAI,inactive - virtual
PIDIDYMISDTLELLR,inactive - virtual
PIEAFLRLNEELEERG,inactive - virtual
PIKFIRKA,inactive - virtual
PKAYAQHVFRS,inactive - virtual
PKPLVSFFQSLLQLVNHDLLEQQN,inactive - virtual
PLEELFLEQLEA,inactive - virtual
PLGRLIHMVNQKKDRLLNEYLS,inactive - virtual
PLTKGILGFVFTLT,inactive - virtual
PNDMSRIFNIVKESL,inactive - virtual
PNGPTHAPWLLAHKIQ,inactive - virtual
PQHERDVIYEEES,inactive - virtual
PQSYAMAIARQESA,inactive - virtual
PQYALELLTVYAWEQGS,inactive - virtual
PQYSQARVMLVKTISMISIVDDTFDA,inactive - virtual
PRESFAVLASALALMAAVFERLAVEIRELS,inactive - virtual
PRRQQSLALRWLVQAANQ,inactive - virtual
PSALIDQEINVLRQQAAQRF,inactive - virtual
PSDQQNEMVRE,inactive - virtual
PSFFRLHKYMDNIFKKHTD,inactive - virtual
PSSQIVGTQAVFNVMMG,inactive - virtual
PSVVANTVKGG,inactive - virtual
PTKEREQVIAHLGL,inactive - virtual
PTLLDLFAEDIGHANQLLQLVDEEFQALER,inactive - virtual
PVSDTMDMLTKL,inactive - virtual
PWTQRFFESFG,inactive - virtual
QAGNYASMFWLT,inactive - virtual
QAKEVLKQHFEKS,inactive - virtual
QARVWVARAVSEHQRFTA,inactive - virtual
QASTGSLLNILR,inactive - virtual
QDDVLEALSAAVR,inactive - virtual
QDELVWGAYWLYKAT,inactive - virtual
QDLLDRVLAAHAYWSQ,inactive - virtual
QEWVELMVEAKE,inactive - virtual
QFRRGANFKFELGEILEND,inactive - virtual
QFSRQMLDRKLLLG,inactive - virtual
QGLAEKIFWSLK,inactive - virtual
QHLAKLEMKIFFEEL,inactive - virtual
QIKQTNAGAVYRLIDQLG,inactive - virtual
QINEMHLLIQQAR,inactive - virtual
QIPRIAREKIRGLTEYF,inactive - virtual
QLEESMLYSLN,inactive - virtual
QLLRGVGAAATAVTQALNELLQHVKA,inactive - virtual
QLVDRLDQSWQYYQDRLMA,inactive - virtual
QLVSFLIRLLKVWIRVVI,inactive - virtual
QMSFWGATVITGLFG,inactive - virtual
QPNAILEKVFTA,inactive - virtual
QRAFLKLYMITMTE,inactive - virtual
QTREHLLLARQI,inactive - virtual
QVIAKWGAWVKRIEAKFRSL,inactive - virtual
QVIEVLNKQVADWSVLFTKLHNFHWYV,inactive - virtual
QVTQELRALMDETMKELKAYKSELEE,inactive - virtual
RAAAIEQLKIWGERVG,inactive - virtual
RDIPELAQLQSEILDAIW,inactive - virtual
REEEKEALRFAEAQ,inactive - virtual
REEIYQAFEAIYPVLSEF,inactive - virtual
REGFLSPLKAYLI,inactive - virtual
RFESAVETLLDIESQLEDL,inactive - virtual
RFLIRVYHPLLLKVL,inactive - virtual
RFLKRVQPLVNRWLLLI,inactive - virtual
RFSGKVREDLTKIVWVFFW,inactive - virtual
RFVPRWRTVVGQFKRDILVIFLW,inactive - virtual
RGEQMKGHAATIEDQVRRMIA,inactive - virtual
RGFRGWWLASTILLLVAEK,inactive - virtual
RGQLIREAYED,inactive - virtual
RHSDNINKFLDFIHGI,inactive - virtual
RIENGLRKRLQSIYRHLEE,inactive - virtual
RILKNFDSWWGKVIVIL,inactive - virtual
RILQWIIRLLLIVWW,inactive - virtual
RIWARLQGVFRVVFWL,inactive - virtual
RKQSLEQDLQFYYG,inactive - virtual
RLDEAEASARSGIEVL,inactive - virtual
RLFEQASRLAEHY,inactive - virtual
RLKSGWRDALKQIVFFFFL,inactive - virtual
RLLGKWSAILKNVRFFFFWL,inactive - virtual
RLVVLEALTNFLNH,inactive - virtual
RLWTQWQAIVQEIRFLWLLL,inactive - virtual
RMDEVRTLQENLRQLQDEYDQQQT,inactive - virtual
RNEVVSLMQANG,inactive - virtual
RPEDKSKIVAEIR,inactive - virtual
RPEVQDALSAE,inactive - virtual
RPQLRNLLHEK,inactive - virtual
RPRIIAAIWHYVKAR,inactive - virtual
RRQELEEFSAALARR,inactive - virtual
RVIEGIKNVIPKLLTWWP,inactive - virtual
RVNAAIPNIIV,inactive - virtual
RVWRWIVKWWLFV,inactive - virtual
RYGWRTAVDYSWFG,inactive - virtual
SAATADFVAMTAMAARIF,inactive - virtual
SAAWAEWQKAR,inactive - virtual
SAEEMVQTLVNDYSALIQELKEGMEVAGEA,inactive - virtual
SANNIIEEIQMQK,inactive - virtual
SASSQNAWLAANRN,inactive - virtual
SAVKVLAEESK,inactive - virtual
SDEFNTVADNLVTFGDSFLQVILDHI,inactive - virtual
SDELSRAWEVAYDELAAAIK,inactive - virtual
SDIFNKNMRAHALEK,inactive - virtual
SDIKKLGSSWIINWFFG,inactive - virtual
SDSEISTILSDVVTNER,inactive - virtual
SDWYLKGRLTSLESQFINALGILET,inactive - virtual
SEAAKAYMKGLEYQMSGNEQWSKT,inactive - virtual
SEEEENNVIEQAKEEIKEAIKKADET,inactive - virtual
SEELNSAWTIAYDELAIVIKKEMDDA,inactive - virtual
SEERIRSGVKRLSKSRQ,inactive - virtual
SEEVLAMVSRKM,inactive - virtual
SEEYIQLLKKLI,inactive - virtual
SEREAVEIIKKN,inactive - virtual
SESAVSHQLRSLRNL,inactive - virtual
SESKLIEQAFR,inactive - virtual
SFADFKAQFTDAAIKN,inactive - virtual
SFDRVMNAIEEN,inactive - virtual
SFSRIISELGTRD,inactive - virtual
SGARRVRIAQTLTEN,inactive - virtual
SGDELYELLQHILKQRDHHHHH,inactive - virtual
SGPAYVFYLLDALQNAAIRQ,inactive - virtual
SGRFWKLYIEAEIKA,inactive - virtual
SGTIKAAHEVLMEMG,inactive - virtual
SHAQDIYKEAFNSAWDQY,inactive - virtual
SIDEKYEAEVKKSEIDHHK,inactive - virtual
SIERLLEMESL,inactive - virtual
SIPHLANLLIERSQ,inactive - virtual
SISRYKTIEWLNYIATEL,inactive - virtual
SKDALMLEAFEQLLGKRRELLGE,inactive - virtual
SKDLAQTSYFMATNSLHLT,inactive - virtual
SKEDIDTAMKLGAG,inactive - virtual
SKEDVERVKLRINLARNWVKKY,inactive - virtual
SKEEQRDYVFYLAVGNYRL,inactive - virtual
SKIQKELVAIMN,inactive - virtual
SKPIQNVESGFIFALVS,inactive - virtual
SKYLKSLLSLM,inactive - virtual
SKYRLTVVVAKRAQQLLRH,inactive - virtual
SLAEALGWLFVSEGS,inactive - virtual
SLEQQFSIRSFATQVQNM,inactive - virtual
SLESLIDMITSI,inactive - virtual
SLKDQLALAIGKLG,inactive - virtual
SLLPTLSAIAEL,inactive - virtual
SLPEMFDKMRPYYEESKKRVKE,inactive - virtual
SMDHRIERLEYYIQLLVK,inactive - virtual
SNEQRQDIAFAYQRRTK,inactive - virtual
SNEVMRILISRSLLQE,inactive - virtual
SNTELQAVDGRFKRAVASMEAARALTNN,inactive - virtual
SPAEVRDLDFANDASKVLGSIAGKLEK,inactive - virtual
SPAQAEALGVWRRYRAYFDA,inactive - virtual
SPAVIDYVNRLEEIRDNV,inactive - virtual
SPAVQMKIKELYRRR,inactive - virtual
SPEEAAALVDGLR,inactive - virtual
SPEEKEEWMKSIKASISR,inactive - virtual
SPEHRQELIER,inactive - virtual
SPEIASGLKKLIRE,inactive - virtual
SPEQMQVLLDQAG,inactive - virtual
SPEVVVARGEQE,inactive - virtual
SPKEAYAYLEKLRSIIQYTG,inactive - virtual
SPKESEVLRLFAEG,inactive - virtual
SPKSTYSYWASVLN,inactive - virtual
SPSKSLQMILRRALGDFENMLAD,inactive - virtual
SPVVIKKRIEGLIER,inactive - virtual
SQESINQLVYMG,inactive - virtual
SQRQRDELNRAIADYLRSN,inactive - virtual
SRAITQYIAHR,inactive - virtual
SRAKASFDTRVAAAELALNR,inactive - virtual
SRDLQEKYERHMEKLIELANKEVERT,inactive - virtual
SRKALTEGNIMAVQAMAYFKELIQKRKRH,inactive - virtual
SRPLHISTFINELDSGFRLL,inactive - virtual
SRWGVLILVAL,inactive - virtual
SSAVSRIISKLKQ,inactive - virtual
SSQNWQRFYQLTKLLDSMHEVVENLL,inactive - virtual
SSREWFSTLYRLFIG,inactive - virtual
STATFYDAKKFLIQE,inactive - virtual
STEVVALSRLQGSLQDMLWQLDLS,inactive - virtual
STLVQTPALRAVGNIV,inactive - virtual
STLVSVAVALAAYKTG,inactive - virtual
SVADHSYRVAFITLLLAEELKKK,inactive - virtual
SVEGLQEFVKNLVGYYI,inactive - virtual
SVEKKVPLLHNFHSFL,inactive - virtual
SVEVAELWSTFMQKWIAYTAAVIDAERDR,inactive - virtual
SVLENHHLAVGFKL,inactive - virtual
SVNSEIYQRVMESFKKEG,inactive - virtual
SVPYFIENLKQHIEMN,inactive - virtual
SVRKVFHLVRIKQVAWANEG,inactive - virtual
SVSRAAITAAY,inactive - virtual
SVSSIKQAVDFLSNE,inactive - virtual
SVTELITKAVSA,inactive - virtual
SVTKILQRFEDAGG,inactive - virtual
SVWASISSYLDELTEGL,inactive - virtual
SWQSLKDRYLKHL,inactive - virtual
SYKDLFLELYGKIKD,inactive - virtual
TAAQELMIQQLVAAQLQ,inactive - virtual
TAEQRREMLEAKRKQIINFISRN,inactive - virtual
TAESFYNQGIRLSFEQWG,inactive - virtual
TAHEAVLDFLTGRVEVFT,inactive - virtual
TAKQIQAAYLLVENELM,inactive - virtual
TAPEMTALVGGMRVLG,inactive - virtual
TDAEAKQLAQWILS,inactive - virtual
TDKQFENRLNDNLEELIQ,inactive - virtual
TDLEILALLIAALSH,inactive - virtual
TDQQKVSEIFQSSKEKLQGDAKVVSDAFK,inactive - virtual
TEAKKEELLRKLNILEVF,inactive - virtual
TEEEMLQAAHITAKLAQAAET,inactive - virtual
TEKGKEIFGEILSNFESLLKSVLEK,inactive - virtual
TEQDIIDLKFAIAD,inactive - virtual
TEQNFQLAKQIQSQWKEFG,inactive - virtual
TEREQALAAYAEKLTRH,inactive - virtual
TESMKTVRIREKIKKFL,inactive - virtual
TETQIRELLFDLELAYKSFYALL,inactive - virtual
TEVYQILNRVS,inactive - virtual
TFPDKALKGKKSIENIVV,inactive - virtual
TFPEWHRLYTVQFEDALRRH,inactive - virtual
TFPNWHRLLTKQMEDALVAK,inactive - virtual
TFSQVLDDLSARFI,inactive - virtual
TGALRTQYDVSLMTVKS,inactive - virtual
THAEMLHALKERY,inactive - virtual
THNKLLKNVAFMKSYILEKVKEHQES,inactive - virtual
TIEEFHSKLQEATN,inactive - virtual
TIQSRFNYAWGLIKS,inactive - virtual
TISLGVSIAHVMEAVE,inactive - virtual
TITEMVFLAEVYKSGG,inactive - virtual
TIVELVVRVWRWFLVIWVLW,inactive - virtual
TKDEFMSGEPIFTKYFQNLV,inactive - virtual
TKDEQVEGLLA,inactive - virtual
TKGEREMIVVATSAAN,inactive - virtual
TKIWLNAARRTGKVPARIRKL,inactive - virtual
TLDQMRSRLAYDG,inactive - virtual
TLEDYVRYVTLDM,inactive - virtual
TLIREWGDAVFDIF,inactive - virtual
TMEGKFKAVAEDVAQRYMT,inactive - virtual
TMVQAITDALRIELKND,inactive - virtual
TNDEIFSILKD,inactive - virtual
TPAKALKSAIHVAYILKK,inactive - virtual
TPDQQTLLHFIMDSYN,inactive - virtual
TPEEVKKHYEILVEDIKYIESG,inactive - virtual
TPEEYQTYVAQVDK,inactive - virtual
TPEKMGEMAQKFRE,inactive - virtual
TPEKRVDRIFAMMD,inactive - virtual
TPERLEKLVKEVL,inactive - virtual
TPETITHYLETVNHAM,inactive - virtual
TPEVVKERLLS,inactive - virtual
TPLGIGITDYYIR,inactive - virtual
TPQDIADRERIFKRFD,inactive - virtual
TPSDIKELRDAMAKVQAD,inactive - virtual
TPVYRTAIRYYLQMLF,inactive - virtual
TPWSKGFLASSYASR,inactive - virtual
TPYDAKGLLISAIRD,inactive - virtual
TQAQETQGQAAARAAAADLAAG,inactive - virtual
TQDLRSHLVHKLVQAIF,inactive - virtual
TQGLLSEILRK,inactive - virtual
TQGMQNAMGERFAQYALSSEKLY,inactive - virtual
TQSDVYAMVGYIHELW,inactive - virtual
TRELAYMIKKA,inactive - virtual
TRTQRRIAVVEFIFSLL,inactive - virtual
TSAQTKVVVDA,inactive - virtual
TSFDEYVAELDSK,inactive - virtual
TSHLMGMFYRTIRMMEN,inactive - virtual
TTDEINAMDKALILYT,inactive - virtual
TTGNFEKLFVALVEYMRAS,inactive - virtual
TVEEVNALKNEILKAHA,inactive - virtual
TVFGTALNYVSLRIL,inactive - virtual
TVLAALFLAGS,inactive - virtual
TYYAKDIAFQFWKM,inactive - virtual
VADIAKLKVNIIKNVRII,inactive - virtual
VADPVAAFKWRAQ,inactive - virtual
VDDNLYPQLERASRKIFEFLERE,inactive - virtual
VEAIEALLKGN,inactive - virtual
VFWPTMLKAAG,inactive - virtual
VGVLLQLLVQA,inactive - virtual
VGYETAAKLAREAYLTG,inactive - virtual
VHVLADAFKRYLLD,inactive - virtual
VIDPLHTHLTRLVAAYTG,inactive - virtual
VKYAVFEAALTKAITAMSEVQKVSQ,inactive - virtual
VLSFKTGIISL,inactive - virtual
VMELLTKTLGWDIQEELNKLT,inactive - virtual
VMGQNLILNMND,inactive - virtual
VMPSLLQAFDLTA,inactive - virtual
VMQWVIRILGGGLQKAL,inactive - virtual
VNFLVADALKQHRHRRDDVIVMLSAR,inactive - virtual
VNQFLDYLQEFLGVMNT,inactive - virtual
VPMQRVLKYHLLLQELVK,inactive - virtual
VQEVNRFIKAFEEMKALMKSL,inactive - virtual
VSDARSAITSAQELLDS,inactive - virtual
VWHYALWSLIQQSEILFAQ,inactive - virtual
VYGPFWKNWQAQ,inactive - virtual
WATLLAQWADRAL,inactive - virtual
WDDIRNDLFRIQNDLFVLGEDVST,inactive - virtual
YAKGALQYLVPILTQTLT,inactive - virtual
YDDIIEAAGELG,inactive - virtual
YDLLKDLEEGIQTLMGRL,inactive - virtual
YEDKAVELYSRTAR,inactive - virtual
YETLEFLGDALVNFFIVDLLVQYS,inactive - virtual
YFSKGIPNVLRR,inactive - virtual
YGSIGLTNFGYLDKE,inactive - virtual
YKEPLKAVVKKLLEKE,inactive - virtual
YKKFRQLIQVN,inactive - virtual
YLADLFLAPQIHGAINRFQ,inactive - virtual
YLDKEVKLIKKMGNHLTNLRRVA,inactive - virtual
YLSESVETIKKLGDHITSLKKLW,inactive - virtual
YPIVDAAMRQLTETG,inactive - virtual
YQNIVKAVQYAARKLQ,inactive - virtual
YQQQKKYLGRMTE,inactive - virtual
